[
  {
    "timestamp": "2025-08-23T21:52:03",
    "text": "edited text",
    "tag": "updated"
  },
  {
    "timestamp": "2025-08-23T22:02:25",
    "text": "test delete",
    "tag": "misc"
  },
  {
    "timestamp": "2025-08-23T22:05:29",
    "text": "first compact test",
    "tag": "misc"
  },
  {
    "timestamp": "2025-08-23T22:05:29",
    "text": "second compact test",
    "tag": "misc"
  },
  {
    "timestamp": "2025-08-23T22:10:31",
    "text": "compact check",
    "tag": "misc"
  }
]